path,extension,bytes,category
kernel/kernel/drivers/gpu/drm/samsung/gpu/include/amd_acpi.h,.h,20980,GPU headers
kernel/kernel/drivers/gpu/drm/samsung/gpu/include/amd_pcie.h,.h,3240,GPU headers
kernel/kernel/drivers/gpu/drm/samsung/gpu/include/amd_pcie_helpers.h,.h,3969,GPU headers
kernel/kernel/drivers/gpu/drm/samsung/gpu/include/amd_shared.h,.h,10759,GPU headers
kernel/kernel/drivers/gpu/drm/samsung/gpu/include/asic_reg/athub/athub_1_0_offset.h,.h,17878,register headers
kernel/kernel/drivers/gpu/drm/samsung/gpu/include/asic_reg/athub/athub_1_0_sh_mask.h,.h,107516,register headers
kernel/kernel/drivers/gpu/drm/samsung/gpu/include/asic_reg/athub/athub_2_0_0_default.h,.h,23287,register headers
kernel/kernel/drivers/gpu/drm/samsung/gpu/include/asic_reg/athub/athub_2_0_0_offset.h,.h,52754,register headers
kernel/kernel/drivers/gpu/drm/samsung/gpu/include/asic_reg/athub/athub_2_0_0_sh_mask.h,.h,242291,register headers
kernel/kernel/drivers/gpu/drm/samsung/gpu/include/asic_reg/athub/athub_2_1_0_offset.h,.h,53615,register headers
kernel/kernel/drivers/gpu/drm/samsung/gpu/include/asic_reg/athub/athub_2_1_0_sh_mask.h,.h,254625,register headers
kernel/kernel/drivers/gpu/drm/samsung/gpu/include/asic_reg/bif/bif_3_0_d.h,.h,26278,register headers
kernel/kernel/drivers/gpu/drm/samsung/gpu/include/asic_reg/bif/bif_3_0_sh_mask.h,.h,558393,register headers
kernel/kernel/drivers/gpu/drm/samsung/gpu/include/asic_reg/bif/bif_4_1_d.h,.h,80325,register headers
kernel/kernel/drivers/gpu/drm/samsung/gpu/include/asic_reg/bif/bif_4_1_sh_mask.h,.h,630760,register headers
kernel/kernel/drivers/gpu/drm/samsung/gpu/include/asic_reg/bif/bif_5_0_d.h,.h,93148,register headers
kernel/kernel/drivers/gpu/drm/samsung/gpu/include/asic_reg/bif/bif_5_0_enum.h,.h,64236,register headers
kernel/kernel/drivers/gpu/drm/samsung/gpu/include/asic_reg/bif/bif_5_0_sh_mask.h,.h,696066,register headers
kernel/kernel/drivers/gpu/drm/samsung/gpu/include/asic_reg/bif/bif_5_1_d.h,.h,316166,register headers
kernel/kernel/drivers/gpu/drm/samsung/gpu/include/asic_reg/bif/bif_5_1_enum.h,.h,56776,register headers
kernel/kernel/drivers/gpu/drm/samsung/gpu/include/asic_reg/bif/bif_5_1_sh_mask.h,.h,2103101,register headers
kernel/kernel/drivers/gpu/drm/samsung/gpu/include/asic_reg/clk/clk_10_0_2_offset.h,.h,4061,register headers
kernel/kernel/drivers/gpu/drm/samsung/gpu/include/asic_reg/clk/clk_10_0_2_sh_mask.h,.h,5511,register headers
kernel/kernel/drivers/gpu/drm/samsung/gpu/include/asic_reg/clk/clk_11_0_0_offset.h,.h,1695,register headers
kernel/kernel/drivers/gpu/drm/samsung/gpu/include/asic_reg/clk/clk_11_0_0_sh_mask.h,.h,2241,register headers
kernel/kernel/drivers/gpu/drm/samsung/gpu/include/asic_reg/dce/dce_10_0_d.h,.h,637532,register headers
kernel/kernel/drivers/gpu/drm/samsung/gpu/include/asic_reg/dce/dce_10_0_enum.h,.h,93563,register headers
kernel/kernel/drivers/gpu/drm/samsung/gpu/include/asic_reg/dce/dce_10_0_sh_mask.h,.h,1151254,register headers
kernel/kernel/drivers/gpu/drm/samsung/gpu/include/asic_reg/dce/dce_11_0_d.h,.h,663516,register headers
kernel/kernel/drivers/gpu/drm/samsung/gpu/include/asic_reg/dce/dce_11_0_enum.h,.h,333123,register headers
kernel/kernel/drivers/gpu/drm/samsung/gpu/include/asic_reg/dce/dce_11_0_sh_mask.h,.h,1208834,register headers
kernel/kernel/drivers/gpu/drm/samsung/gpu/include/asic_reg/dce/dce_11_2_d.h,.h,874647,register headers
kernel/kernel/drivers/gpu/drm/samsung/gpu/include/asic_reg/dce/dce_11_2_enum.h,.h,370743,register headers
kernel/kernel/drivers/gpu/drm/samsung/gpu/include/asic_reg/dce/dce_11_2_sh_mask.h,.h,1285173,register headers
kernel/kernel/drivers/gpu/drm/samsung/gpu/include/asic_reg/dce/dce_12_0_offset.h,.h,1872101,register headers
kernel/kernel/drivers/gpu/drm/samsung/gpu/include/asic_reg/dce/dce_12_0_sh_mask.h,.h,6831048,register headers
kernel/kernel/drivers/gpu/drm/samsung/gpu/include/asic_reg/dce/dce_6_0_d.h,.h,188012,register headers
kernel/kernel/drivers/gpu/drm/samsung/gpu/include/asic_reg/dce/dce_6_0_sh_mask.h,.h,693056,register headers
kernel/kernel/drivers/gpu/drm/samsung/gpu/include/asic_reg/dce/dce_8_0_d.h,.h,494513,register headers
kernel/kernel/drivers/gpu/drm/samsung/gpu/include/asic_reg/dce/dce_8_0_enum.h,.h,60143,register headers
kernel/kernel/drivers/gpu/drm/samsung/gpu/include/asic_reg/dce/dce_8_0_sh_mask.h,.h,874035,register headers
kernel/kernel/drivers/gpu/drm/samsung/gpu/include/asic_reg/dcn/dcn_1_0_offset.h,.h,1408345,register headers
kernel/kernel/drivers/gpu/drm/samsung/gpu/include/asic_reg/dcn/dcn_1_0_sh_mask.h,.h,5751106,register headers
kernel/kernel/drivers/gpu/drm/samsung/gpu/include/asic_reg/dcn/dcn_2_0_0_offset.h,.h,1768454,register headers
kernel/kernel/drivers/gpu/drm/samsung/gpu/include/asic_reg/dcn/dcn_2_0_0_sh_mask.h,.h,7205628,register headers
kernel/kernel/drivers/gpu/drm/samsung/gpu/include/asic_reg/dcn/dcn_2_1_0_offset.h,.h,1394464,register headers
kernel/kernel/drivers/gpu/drm/samsung/gpu/include/asic_reg/dcn/dcn_2_1_0_sh_mask.h,.h,6040857,register headers
kernel/kernel/drivers/gpu/drm/samsung/gpu/include/asic_reg/dcn/dcn_3_0_0_offset.h,.h,1809691,register headers
kernel/kernel/drivers/gpu/drm/samsung/gpu/include/asic_reg/dcn/dcn_3_0_0_sh_mask.h,.h,7561306,register headers
kernel/kernel/drivers/gpu/drm/samsung/gpu/include/asic_reg/dcn/dpcs_3_0_0_offset.h,.h,55043,register headers
kernel/kernel/drivers/gpu/drm/samsung/gpu/include/asic_reg/dcn/dpcs_3_0_0_sh_mask.h,.h,393819,register headers
kernel/kernel/drivers/gpu/drm/samsung/gpu/include/asic_reg/df/df_1_7_default.h,.h,1254,register headers
kernel/kernel/drivers/gpu/drm/samsung/gpu/include/asic_reg/df/df_1_7_offset.h,.h,1642,register headers
kernel/kernel/drivers/gpu/drm/samsung/gpu/include/asic_reg/df/df_1_7_sh_mask.h,.h,2745,register headers
kernel/kernel/drivers/gpu/drm/samsung/gpu/include/asic_reg/df/df_3_6_default.h,.h,1254,register headers
kernel/kernel/drivers/gpu/drm/samsung/gpu/include/asic_reg/df/df_3_6_offset.h,.h,3229,register headers
kernel/kernel/drivers/gpu/drm/samsung/gpu/include/asic_reg/df/df_3_6_sh_mask.h,.h,3817,register headers
kernel/kernel/drivers/gpu/drm/samsung/gpu/include/asic_reg/dpcs/dpcs_2_0_0_offset.h,.h,61251,register headers
kernel/kernel/drivers/gpu/drm/samsung/gpu/include/asic_reg/dpcs/dpcs_2_0_0_sh_mask.h,.h,430998,register headers
kernel/kernel/drivers/gpu/drm/samsung/gpu/include/asic_reg/dpcs/dpcs_2_1_0_offset.h,.h,53869,register headers
kernel/kernel/drivers/gpu/drm/samsung/gpu/include/asic_reg/dpcs/dpcs_2_1_0_sh_mask.h,.h,378027,register headers
kernel/kernel/drivers/gpu/drm/samsung/gpu/include/asic_reg/gc/gc_10_1_0_default.h,.h,538320,register headers
kernel/kernel/drivers/gpu/drm/samsung/gpu/include/asic_reg/gc/gc_10_1_0_offset.h,.h,1196433,register headers
kernel/kernel/drivers/gpu/drm/samsung/gpu/include/asic_reg/gc/gc_10_1_0_sh_mask.h,.h,4631854,register headers
kernel/kernel/drivers/gpu/drm/samsung/gpu/include/asic_reg/gc/gc_10_4_0_default.h,.h,427014,register headers
kernel/kernel/drivers/gpu/drm/samsung/gpu/include/asic_reg/gc/gc_10_4_0_default_m1.h,.h,423426,register headers
kernel/kernel/drivers/gpu/drm/samsung/gpu/include/asic_reg/gc/gc_10_4_0_default_m2.h,.h,415790,register headers
kernel/kernel/drivers/gpu/drm/samsung/gpu/include/asic_reg/gc/gc_10_4_0_offset.h,.h,1243846,register headers
kernel/kernel/drivers/gpu/drm/samsung/gpu/include/asic_reg/gc/gc_10_4_0_offset_m1.h,.h,911029,register headers
kernel/kernel/drivers/gpu/drm/samsung/gpu/include/asic_reg/gc/gc_10_4_0_offset_m2.h,.h,892239,register headers
kernel/kernel/drivers/gpu/drm/samsung/gpu/include/asic_reg/gc/gc_10_4_0_sh_mask.h,.h,4007366,register headers
kernel/kernel/drivers/gpu/drm/samsung/gpu/include/asic_reg/gc/gc_10_4_0_sh_mask_m1.h,.h,4031686,register headers
kernel/kernel/drivers/gpu/drm/samsung/gpu/include/asic_reg/gc/gc_10_4_0_sh_mask_m2.h,.h,4010564,register headers
kernel/kernel/drivers/gpu/drm/samsung/gpu/include/asic_reg/gc/gc_9_0_default.h,.h,344221,register headers
kernel/kernel/drivers/gpu/drm/samsung/gpu/include/asic_reg/gc/gc_9_0_offset.h,.h,766150,register headers
kernel/kernel/drivers/gpu/drm/samsung/gpu/include/asic_reg/gc/gc_9_0_sh_mask.h,.h,3177522,register headers
kernel/kernel/drivers/gpu/drm/samsung/gpu/include/asic_reg/gc/gc_9_1_offset.h,.h,787072,register headers
kernel/kernel/drivers/gpu/drm/samsung/gpu/include/asic_reg/gc/gc_9_1_sh_mask.h,.h,3303247,register headers
kernel/kernel/drivers/gpu/drm/samsung/gpu/include/asic_reg/gc/gc_9_2_1_offset.h,.h,789533,register headers
kernel/kernel/drivers/gpu/drm/samsung/gpu/include/asic_reg/gc/gc_9_2_1_sh_mask.h,.h,3306107,register headers
kernel/kernel/drivers/gpu/drm/samsung/gpu/include/asic_reg/gc/gc_9_4_1_offset.h,.h,23611,register headers
kernel/kernel/drivers/gpu/drm/samsung/gpu/include/asic_reg/gc/gc_9_4_1_sh_mask.h,.h,79270,register headers
kernel/kernel/drivers/gpu/drm/samsung/gpu/include/asic_reg/gca/gfx_6_0_d.h,.h,65951,register headers
kernel/kernel/drivers/gpu/drm/samsung/gpu/include/asic_reg/gca/gfx_6_0_sh_mask.h,.h,760436,register headers
kernel/kernel/drivers/gpu/drm/samsung/gpu/include/asic_reg/gca/gfx_7_0_d.h,.h,218729,register headers
kernel/kernel/drivers/gpu/drm/samsung/gpu/include/asic_reg/gca/gfx_7_2_d.h,.h,220904,register headers
kernel/kernel/drivers/gpu/drm/samsung/gpu/include/asic_reg/gca/gfx_7_2_enum.h,.h,343067,register headers
kernel/kernel/drivers/gpu/drm/samsung/gpu/include/asic_reg/gca/gfx_7_2_sh_mask.h,.h,1006272,register headers
kernel/kernel/drivers/gpu/drm/samsung/gpu/include/asic_reg/gca/gfx_8_0_d.h,.h,244444,register headers
kernel/kernel/drivers/gpu/drm/samsung/gpu/include/asic_reg/gca/gfx_8_0_enum.h,.h,376576,register headers
kernel/kernel/drivers/gpu/drm/samsung/gpu/include/asic_reg/gca/gfx_8_0_sh_mask.h,.h,1136970,register headers
kernel/kernel/drivers/gpu/drm/samsung/gpu/include/asic_reg/gca/gfx_8_1_d.h,.h,241224,register headers
kernel/kernel/drivers/gpu/drm/samsung/gpu/include/asic_reg/gca/gfx_8_1_enum.h,.h,373541,register headers
kernel/kernel/drivers/gpu/drm/samsung/gpu/include/asic_reg/gca/gfx_8_1_sh_mask.h,.h,1170133,register headers
kernel/kernel/drivers/gpu/drm/samsung/gpu/include/asic_reg/gmc/gmc_6_0_d.h,.h,49851,register headers
kernel/kernel/drivers/gpu/drm/samsung/gpu/include/asic_reg/gmc/gmc_6_0_sh_mask.h,.h,685083,register headers
kernel/kernel/drivers/gpu/drm/samsung/gpu/include/asic_reg/gmc/gmc_7_0_d.h,.h,55324,register headers
kernel/kernel/drivers/gpu/drm/samsung/gpu/include/asic_reg/gmc/gmc_7_0_sh_mask.h,.h,321295,register headers
kernel/kernel/drivers/gpu/drm/samsung/gpu/include/asic_reg/gmc/gmc_7_1_d.h,.h,124420,register headers
kernel/kernel/drivers/gpu/drm/samsung/gpu/include/asic_reg/gmc/gmc_7_1_sh_mask.h,.h,751012,register headers
kernel/kernel/drivers/gpu/drm/samsung/gpu/include/asic_reg/gmc/gmc_8_1_d.h,.h,145618,register headers
kernel/kernel/drivers/gpu/drm/samsung/gpu/include/asic_reg/gmc/gmc_8_1_enum.h,.h,64236,register headers
kernel/kernel/drivers/gpu/drm/samsung/gpu/include/asic_reg/gmc/gmc_8_1_sh_mask.h,.h,826799,register headers
kernel/kernel/drivers/gpu/drm/samsung/gpu/include/asic_reg/gmc/gmc_8_2_d.h,.h,77265,register headers
kernel/kernel/drivers/gpu/drm/samsung/gpu/include/asic_reg/gmc/gmc_8_2_enum.h,.h,56776,register headers
kernel/kernel/drivers/gpu/drm/samsung/gpu/include/asic_reg/gmc/gmc_8_2_sh_mask.h,.h,420746,register headers
kernel/kernel/drivers/gpu/drm/samsung/gpu/include/asic_reg/hdp/hdp_4_0_offset.h,.h,8162,register headers
kernel/kernel/drivers/gpu/drm/samsung/gpu/include/asic_reg/hdp/hdp_4_0_sh_mask.h,.h,30630,register headers
kernel/kernel/drivers/gpu/drm/samsung/gpu/include/asic_reg/hdp/hdp_5_0_0_offset.h,.h,21462,register headers
kernel/kernel/drivers/gpu/drm/samsung/gpu/include/asic_reg/hdp/hdp_5_0_0_sh_mask.h,.h,66860,register headers
kernel/kernel/drivers/gpu/drm/samsung/gpu/include/asic_reg/mmhub/mmhub_1_0_default.h,.h,88241,register headers
kernel/kernel/drivers/gpu/drm/samsung/gpu/include/asic_reg/mmhub/mmhub_1_0_offset.h,.h,205507,register headers
kernel/kernel/drivers/gpu/drm/samsung/gpu/include/asic_reg/mmhub/mmhub_1_0_sh_mask.h,.h,1119149,register headers
kernel/kernel/drivers/gpu/drm/samsung/gpu/include/asic_reg/mmhub/mmhub_2_0_0_default.h,.h,80567,register headers
kernel/kernel/drivers/gpu/drm/samsung/gpu/include/asic_reg/mmhub/mmhub_2_0_0_offset.h,.h,186131,register headers
kernel/kernel/drivers/gpu/drm/samsung/gpu/include/asic_reg/mmhub/mmhub_2_0_0_sh_mask.h,.h,810759,register headers
kernel/kernel/drivers/gpu/drm/samsung/gpu/include/asic_reg/mmhub/mmhub_9_1_offset.h,.h,207214,register headers
kernel/kernel/drivers/gpu/drm/samsung/gpu/include/asic_reg/mmhub/mmhub_9_1_sh_mask.h,.h,1063236,register headers
kernel/kernel/drivers/gpu/drm/samsung/gpu/include/asic_reg/mmhub/mmhub_9_3_0_offset.h,.h,206721,register headers
kernel/kernel/drivers/gpu/drm/samsung/gpu/include/asic_reg/mmhub/mmhub_9_3_0_sh_mask.h,.h,1120270,register headers
kernel/kernel/drivers/gpu/drm/samsung/gpu/include/asic_reg/mmhub/mmhub_9_4_1_default.h,.h,350493,register headers
kernel/kernel/drivers/gpu/drm/samsung/gpu/include/asic_reg/mmhub/mmhub_9_4_1_offset.h,.h,815948,register headers
kernel/kernel/drivers/gpu/drm/samsung/gpu/include/asic_reg/mmhub/mmhub_9_4_1_sh_mask.h,.h,4970809,register headers
kernel/kernel/drivers/gpu/drm/samsung/gpu/include/asic_reg/mp/mp_10_0_default.h,.h,15160,register headers
kernel/kernel/drivers/gpu/drm/samsung/gpu/include/asic_reg/mp/mp_10_0_offset.h,.h,33774,register headers
kernel/kernel/drivers/gpu/drm/samsung/gpu/include/asic_reg/mp/mp_10_0_sh_mask.h,.h,74530,register headers
kernel/kernel/drivers/gpu/drm/samsung/gpu/include/asic_reg/mp/mp_11_0_offset.h,.h,36143,register headers
kernel/kernel/drivers/gpu/drm/samsung/gpu/include/asic_reg/mp/mp_11_0_sh_mask.h,.h,81339,register headers
kernel/kernel/drivers/gpu/drm/samsung/gpu/include/asic_reg/mp/mp_12_0_0_offset.h,.h,33778,register headers
kernel/kernel/drivers/gpu/drm/samsung/gpu/include/asic_reg/mp/mp_12_0_0_sh_mask.h,.h,72554,register headers
kernel/kernel/drivers/gpu/drm/samsung/gpu/include/asic_reg/mp/mp_9_0_offset.h,.h,13918,register headers
kernel/kernel/drivers/gpu/drm/samsung/gpu/include/asic_reg/mp/mp_9_0_sh_mask.h,.h,55354,register headers
kernel/kernel/drivers/gpu/drm/samsung/gpu/include/asic_reg/nbif/nbif_6_1_offset.h,.h,181690,register headers
kernel/kernel/drivers/gpu/drm/samsung/gpu/include/asic_reg/nbif/nbif_6_1_sh_mask.h,.h,985043,register headers
kernel/kernel/drivers/gpu/drm/samsung/gpu/include/asic_reg/nbio/nbio_2_3_default.h,.h,1628028,register headers
kernel/kernel/drivers/gpu/drm/samsung/gpu/include/asic_reg/nbio/nbio_2_3_offset.h,.h,1526528,register headers
kernel/kernel/drivers/gpu/drm/samsung/gpu/include/asic_reg/nbio/nbio_2_3_sh_mask.h,.h,12839488,register headers
kernel/kernel/drivers/gpu/drm/samsung/gpu/include/asic_reg/nbio/nbio_6_1_default.h,.h,2054629,register headers
kernel/kernel/drivers/gpu/drm/samsung/gpu/include/asic_reg/nbio/nbio_6_1_offset.h,.h,374628,register headers
kernel/kernel/drivers/gpu/drm/samsung/gpu/include/asic_reg/nbio/nbio_6_1_sh_mask.h,.h,14151728,register headers
kernel/kernel/drivers/gpu/drm/samsung/gpu/include/asic_reg/nbio/nbio_6_1_smn.h,.h,2671,register headers
kernel/kernel/drivers/gpu/drm/samsung/gpu/include/asic_reg/nbio/nbio_7_0_default.h,.h,1333875,register headers
kernel/kernel/drivers/gpu/drm/samsung/gpu/include/asic_reg/nbio/nbio_7_0_offset.h,.h,495783,register headers
kernel/kernel/drivers/gpu/drm/samsung/gpu/include/asic_reg/nbio/nbio_7_0_sh_mask.h,.h,12748346,register headers
kernel/kernel/drivers/gpu/drm/samsung/gpu/include/asic_reg/nbio/nbio_7_0_smn.h,.h,2990,register headers
kernel/kernel/drivers/gpu/drm/samsung/gpu/include/asic_reg/nbio/nbio_7_4_0_smn.h,.h,2898,register headers
kernel/kernel/drivers/gpu/drm/samsung/gpu/include/asic_reg/nbio/nbio_7_4_offset.h,.h,470469,register headers
kernel/kernel/drivers/gpu/drm/samsung/gpu/include/asic_reg/nbio/nbio_7_4_sh_mask.h,.h,5179756,register headers
kernel/kernel/drivers/gpu/drm/samsung/gpu/include/asic_reg/oss/oss_1_0_d.h,.h,9153,register headers
kernel/kernel/drivers/gpu/drm/samsung/gpu/include/asic_reg/oss/oss_1_0_sh_mask.h,.h,60268,register headers
kernel/kernel/drivers/gpu/drm/samsung/gpu/include/asic_reg/oss/oss_2_0_d.h,.h,54193,register headers
kernel/kernel/drivers/gpu/drm/samsung/gpu/include/asic_reg/oss/oss_2_0_sh_mask.h,.h,130608,register headers
kernel/kernel/drivers/gpu/drm/samsung/gpu/include/asic_reg/oss/oss_2_4_d.h,.h,39594,register headers
kernel/kernel/drivers/gpu/drm/samsung/gpu/include/asic_reg/oss/oss_2_4_enum.h,.h,72327,register headers
kernel/kernel/drivers/gpu/drm/samsung/gpu/include/asic_reg/oss/oss_2_4_sh_mask.h,.h,132586,register headers
kernel/kernel/drivers/gpu/drm/samsung/gpu/include/asic_reg/oss/oss_3_0_1_d.h,.h,50216,register headers
kernel/kernel/drivers/gpu/drm/samsung/gpu/include/asic_reg/oss/oss_3_0_1_enum.h,.h,79198,register headers
kernel/kernel/drivers/gpu/drm/samsung/gpu/include/asic_reg/oss/oss_3_0_1_sh_mask.h,.h,190365,register headers
kernel/kernel/drivers/gpu/drm/samsung/gpu/include/asic_reg/oss/oss_3_0_d.h,.h,58314,register headers
kernel/kernel/drivers/gpu/drm/samsung/gpu/include/asic_reg/oss/oss_3_0_enum.h,.h,81112,register headers
kernel/kernel/drivers/gpu/drm/samsung/gpu/include/asic_reg/oss/oss_3_0_sh_mask.h,.h,192467,register headers
kernel/kernel/drivers/gpu/drm/samsung/gpu/include/asic_reg/oss/osssys_4_0_1_offset.h,.h,34374,register headers
kernel/kernel/drivers/gpu/drm/samsung/gpu/include/asic_reg/oss/osssys_4_0_1_sh_mask.h,.h,130469,register headers
kernel/kernel/drivers/gpu/drm/samsung/gpu/include/asic_reg/oss/osssys_4_0_offset.h,.h,33295,register headers
kernel/kernel/drivers/gpu/drm/samsung/gpu/include/asic_reg/oss/osssys_4_0_sh_mask.h,.h,125610,register headers
kernel/kernel/drivers/gpu/drm/samsung/gpu/include/asic_reg/oss/osssys_5_0_0_offset.h,.h,36094,register headers
kernel/kernel/drivers/gpu/drm/samsung/gpu/include/asic_reg/oss/osssys_5_0_0_sh_mask.h,.h,136305,register headers
kernel/kernel/drivers/gpu/drm/samsung/gpu/include/asic_reg/pwr/pwr_10_0_offset.h,.h,1411,register headers
kernel/kernel/drivers/gpu/drm/samsung/gpu/include/asic_reg/pwr/pwr_10_0_sh_mask.h,.h,1693,register headers
kernel/kernel/drivers/gpu/drm/samsung/gpu/include/asic_reg/rsmu/rsmu_0_0_2_offset.h,.h,3671,register headers
kernel/kernel/drivers/gpu/drm/samsung/gpu/include/asic_reg/rsmu/rsmu_0_0_2_sh_mask.h,.h,1763,register headers
kernel/kernel/drivers/gpu/drm/samsung/gpu/include/asic_reg/sdma0/sdma0_4_0_default.h,.h,14394,register headers
kernel/kernel/drivers/gpu/drm/samsung/gpu/include/asic_reg/sdma0/sdma0_4_0_offset.h,.h,22398,register headers
kernel/kernel/drivers/gpu/drm/samsung/gpu/include/asic_reg/sdma0/sdma0_4_0_sh_mask.h,.h,97390,register headers
kernel/kernel/drivers/gpu/drm/samsung/gpu/include/asic_reg/sdma0/sdma0_4_1_default.h,.h,21013,register headers
kernel/kernel/drivers/gpu/drm/samsung/gpu/include/asic_reg/sdma0/sdma0_4_1_offset.h,.h,47481,register headers
kernel/kernel/drivers/gpu/drm/samsung/gpu/include/asic_reg/sdma0/sdma0_4_1_sh_mask.h,.h,173576,register headers
kernel/kernel/drivers/gpu/drm/samsung/gpu/include/asic_reg/sdma0/sdma0_4_2_2_offset.h,.h,111125,register headers
kernel/kernel/drivers/gpu/drm/samsung/gpu/include/asic_reg/sdma0/sdma0_4_2_2_sh_mask.h,.h,304730,register headers
kernel/kernel/drivers/gpu/drm/samsung/gpu/include/asic_reg/sdma0/sdma0_4_2_offset.h,.h,110695,register headers
kernel/kernel/drivers/gpu/drm/samsung/gpu/include/asic_reg/sdma0/sdma0_4_2_sh_mask.h,.h,303734,register headers
kernel/kernel/drivers/gpu/drm/samsung/gpu/include/asic_reg/sdma1/sdma1_4_0_default.h,.h,14209,register headers
kernel/kernel/drivers/gpu/drm/samsung/gpu/include/asic_reg/sdma1/sdma1_4_0_offset.h,.h,22108,register headers
kernel/kernel/drivers/gpu/drm/samsung/gpu/include/asic_reg/sdma1/sdma1_4_0_sh_mask.h,.h,95253,register headers
kernel/kernel/drivers/gpu/drm/samsung/gpu/include/asic_reg/sdma1/sdma1_4_2_2_offset.h,.h,110265,register headers
kernel/kernel/drivers/gpu/drm/samsung/gpu/include/asic_reg/sdma1/sdma1_4_2_2_sh_mask.h,.h,299694,register headers
kernel/kernel/drivers/gpu/drm/samsung/gpu/include/asic_reg/sdma1/sdma1_4_2_offset.h,.h,109835,register headers
kernel/kernel/drivers/gpu/drm/samsung/gpu/include/asic_reg/sdma1/sdma1_4_2_sh_mask.h,.h,298934,register headers
kernel/kernel/drivers/gpu/drm/samsung/gpu/include/asic_reg/sdma2/sdma2_4_2_2_offset.h,.h,110266,register headers
kernel/kernel/drivers/gpu/drm/samsung/gpu/include/asic_reg/sdma2/sdma2_4_2_2_sh_mask.h,.h,299694,register headers
kernel/kernel/drivers/gpu/drm/samsung/gpu/include/asic_reg/sdma3/sdma3_4_2_2_offset.h,.h,110266,register headers
kernel/kernel/drivers/gpu/drm/samsung/gpu/include/asic_reg/sdma3/sdma3_4_2_2_sh_mask.h,.h,299694,register headers
kernel/kernel/drivers/gpu/drm/samsung/gpu/include/asic_reg/sdma4/sdma4_4_2_2_offset.h,.h,110266,register headers
kernel/kernel/drivers/gpu/drm/samsung/gpu/include/asic_reg/sdma4/sdma4_4_2_2_sh_mask.h,.h,299694,register headers
kernel/kernel/drivers/gpu/drm/samsung/gpu/include/asic_reg/sdma5/sdma5_4_2_2_offset.h,.h,110266,register headers
kernel/kernel/drivers/gpu/drm/samsung/gpu/include/asic_reg/sdma5/sdma5_4_2_2_sh_mask.h,.h,299694,register headers
kernel/kernel/drivers/gpu/drm/samsung/gpu/include/asic_reg/sdma6/sdma6_4_2_2_offset.h,.h,110266,register headers
kernel/kernel/drivers/gpu/drm/samsung/gpu/include/asic_reg/sdma6/sdma6_4_2_2_sh_mask.h,.h,299694,register headers
kernel/kernel/drivers/gpu/drm/samsung/gpu/include/asic_reg/sdma7/sdma7_4_2_2_offset.h,.h,110266,register headers
kernel/kernel/drivers/gpu/drm/samsung/gpu/include/asic_reg/sdma7/sdma7_4_2_2_sh_mask.h,.h,299694,register headers
kernel/kernel/drivers/gpu/drm/samsung/gpu/include/asic_reg/smu/smu_6_0_d.h,.h,5496,register headers
kernel/kernel/drivers/gpu/drm/samsung/gpu/include/asic_reg/smu/smu_6_0_sh_mask.h,.h,39203,register headers
kernel/kernel/drivers/gpu/drm/samsung/gpu/include/asic_reg/smu/smu_7_0_0_d.h,.h,64020,register headers
kernel/kernel/drivers/gpu/drm/samsung/gpu/include/asic_reg/smu/smu_7_0_0_sh_mask.h,.h,216936,register headers
kernel/kernel/drivers/gpu/drm/samsung/gpu/include/asic_reg/smu/smu_7_0_1_d.h,.h,114919,register headers
kernel/kernel/drivers/gpu/drm/samsung/gpu/include/asic_reg/smu/smu_7_0_1_sh_mask.h,.h,320854,register headers
kernel/kernel/drivers/gpu/drm/samsung/gpu/include/asic_reg/smu/smu_7_1_0_d.h,.h,117479,register headers
kernel/kernel/drivers/gpu/drm/samsung/gpu/include/asic_reg/smu/smu_7_1_0_enum.h,.h,64301,register headers
kernel/kernel/drivers/gpu/drm/samsung/gpu/include/asic_reg/smu/smu_7_1_0_sh_mask.h,.h,329343,register headers
kernel/kernel/drivers/gpu/drm/samsung/gpu/include/asic_reg/smu/smu_7_1_1_d.h,.h,98142,register headers
kernel/kernel/drivers/gpu/drm/samsung/gpu/include/asic_reg/smu/smu_7_1_1_enum.h,.h,64799,register headers
kernel/kernel/drivers/gpu/drm/samsung/gpu/include/asic_reg/smu/smu_7_1_1_sh_mask.h,.h,285629,register headers
kernel/kernel/drivers/gpu/drm/samsung/gpu/include/asic_reg/smu/smu_7_1_2_d.h,.h,111602,register headers
kernel/kernel/drivers/gpu/drm/samsung/gpu/include/asic_reg/smu/smu_7_1_2_enum.h,.h,66868,register headers
kernel/kernel/drivers/gpu/drm/samsung/gpu/include/asic_reg/smu/smu_7_1_2_sh_mask.h,.h,342093,register headers
kernel/kernel/drivers/gpu/drm/samsung/gpu/include/asic_reg/smu/smu_7_1_3_d.h,.h,109455,register headers
kernel/kernel/drivers/gpu/drm/samsung/gpu/include/asic_reg/smu/smu_7_1_3_enum.h,.h,68965,register headers
kernel/kernel/drivers/gpu/drm/samsung/gpu/include/asic_reg/smu/smu_7_1_3_sh_mask.h,.h,351110,register headers
kernel/kernel/drivers/gpu/drm/samsung/gpu/include/asic_reg/smu/smu_8_0_d.h,.h,58865,register headers
kernel/kernel/drivers/gpu/drm/samsung/gpu/include/asic_reg/smu/smu_8_0_enum.h,.h,57000,register headers
kernel/kernel/drivers/gpu/drm/samsung/gpu/include/asic_reg/smu/smu_8_0_sh_mask.h,.h,168645,register headers
kernel/kernel/drivers/gpu/drm/samsung/gpu/include/asic_reg/smuio/smuio_11_0_0_offset.h,.h,52299,register headers
kernel/kernel/drivers/gpu/drm/samsung/gpu/include/asic_reg/smuio/smuio_11_0_0_sh_mask.h,.h,104832,register headers
kernel/kernel/drivers/gpu/drm/samsung/gpu/include/asic_reg/smuio/smuio_12_0_0_offset.h,.h,1635,register headers
kernel/kernel/drivers/gpu/drm/samsung/gpu/include/asic_reg/smuio/smuio_12_0_0_sh_mask.h,.h,1959,register headers
kernel/kernel/drivers/gpu/drm/samsung/gpu/include/asic_reg/smuio/smuio_9_0_offset.h,.h,17393,register headers
kernel/kernel/drivers/gpu/drm/samsung/gpu/include/asic_reg/smuio/smuio_9_0_sh_mask.h,.h,21603,register headers
kernel/kernel/drivers/gpu/drm/samsung/gpu/include/asic_reg/thm/thm_10_0_default.h,.h,11722,register headers
kernel/kernel/drivers/gpu/drm/samsung/gpu/include/asic_reg/thm/thm_10_0_offset.h,.h,25768,register headers
kernel/kernel/drivers/gpu/drm/samsung/gpu/include/asic_reg/thm/thm_10_0_sh_mask.h,.h,91471,register headers
kernel/kernel/drivers/gpu/drm/samsung/gpu/include/asic_reg/thm/thm_11_0_2_offset.h,.h,3144,register headers
kernel/kernel/drivers/gpu/drm/samsung/gpu/include/asic_reg/thm/thm_11_0_2_sh_mask.h,.h,8623,register headers
kernel/kernel/drivers/gpu/drm/samsung/gpu/include/asic_reg/thm/thm_9_0_default.h,.h,16596,register headers
kernel/kernel/drivers/gpu/drm/samsung/gpu/include/asic_reg/thm/thm_9_0_offset.h,.h,37161,register headers
kernel/kernel/drivers/gpu/drm/samsung/gpu/include/asic_reg/thm/thm_9_0_sh_mask.h,.h,137130,register headers
kernel/kernel/drivers/gpu/drm/samsung/gpu/include/asic_reg/umc/umc_6_0_default.h,.h,1353,register headers
kernel/kernel/drivers/gpu/drm/samsung/gpu/include/asic_reg/umc/umc_6_0_offset.h,.h,2169,register headers
kernel/kernel/drivers/gpu/drm/samsung/gpu/include/asic_reg/umc/umc_6_0_sh_mask.h,.h,1616,register headers
kernel/kernel/drivers/gpu/drm/samsung/gpu/include/asic_reg/umc/umc_6_1_1_offset.h,.h,2058,register headers
kernel/kernel/drivers/gpu/drm/samsung/gpu/include/asic_reg/umc/umc_6_1_1_sh_mask.h,.h,8860,register headers
kernel/kernel/drivers/gpu/drm/samsung/gpu/include/asic_reg/umc/umc_6_1_2_offset.h,.h,1818,register headers
kernel/kernel/drivers/gpu/drm/samsung/gpu/include/asic_reg/umc/umc_6_1_2_sh_mask.h,.h,9190,register headers
kernel/kernel/drivers/gpu/drm/samsung/gpu/include/asic_reg/umc/umc_8_7_0_offset.h,.h,1750,register headers
kernel/kernel/drivers/gpu/drm/samsung/gpu/include/asic_reg/umc/umc_8_7_0_sh_mask.h,.h,8703,register headers
kernel/kernel/drivers/gpu/drm/samsung/gpu/include/asic_reg/uvd/uvd_3_1_d.h,.h,7303,register headers
kernel/kernel/drivers/gpu/drm/samsung/gpu/include/asic_reg/uvd/uvd_3_1_sh_mask.h,.h,41116,register headers
kernel/kernel/drivers/gpu/drm/samsung/gpu/include/asic_reg/uvd/uvd_4_0_d.h,.h,3640,register headers
kernel/kernel/drivers/gpu/drm/samsung/gpu/include/asic_reg/uvd/uvd_4_0_sh_mask.h,.h,44997,register headers
kernel/kernel/drivers/gpu/drm/samsung/gpu/include/asic_reg/uvd/uvd_4_2_d.h,.h,7129,register headers
kernel/kernel/drivers/gpu/drm/samsung/gpu/include/asic_reg/uvd/uvd_4_2_sh_mask.h,.h,40780,register headers
kernel/kernel/drivers/gpu/drm/samsung/gpu/include/asic_reg/uvd/uvd_5_0_d.h,.h,8779,register headers
kernel/kernel/drivers/gpu/drm/samsung/gpu/include/asic_reg/uvd/uvd_5_0_enum.h,.h,64919,register headers
kernel/kernel/drivers/gpu/drm/samsung/gpu/include/asic_reg/uvd/uvd_5_0_sh_mask.h,.h,54277,register headers
kernel/kernel/drivers/gpu/drm/samsung/gpu/include/asic_reg/uvd/uvd_6_0_d.h,.h,10432,register headers
kernel/kernel/drivers/gpu/drm/samsung/gpu/include/asic_reg/uvd/uvd_6_0_enum.h,.h,57459,register headers
kernel/kernel/drivers/gpu/drm/samsung/gpu/include/asic_reg/uvd/uvd_6_0_sh_mask.h,.h,53702,register headers
kernel/kernel/drivers/gpu/drm/samsung/gpu/include/asic_reg/uvd/uvd_7_0_offset.h,.h,21365,register headers
kernel/kernel/drivers/gpu/drm/samsung/gpu/include/asic_reg/uvd/uvd_7_0_sh_mask.h,.h,86517,register headers
kernel/kernel/drivers/gpu/drm/samsung/gpu/include/asic_reg/vce/vce_1_0_d.h,.h,2449,register headers
kernel/kernel/drivers/gpu/drm/samsung/gpu/include/asic_reg/vce/vce_1_0_sh_mask.h,.h,5213,register headers
kernel/kernel/drivers/gpu/drm/samsung/gpu/include/asic_reg/vce/vce_2_0_d.h,.h,4708,register headers
kernel/kernel/drivers/gpu/drm/samsung/gpu/include/asic_reg/vce/vce_2_0_sh_mask.h,.h,5065,register headers
kernel/kernel/drivers/gpu/drm/samsung/gpu/include/asic_reg/vce/vce_3_0_d.h,.h,5143,register headers
kernel/kernel/drivers/gpu/drm/samsung/gpu/include/asic_reg/vce/vce_3_0_sh_mask.h,.h,5830,register headers
kernel/kernel/drivers/gpu/drm/samsung/gpu/include/asic_reg/vce/vce_4_0_default.h,.h,8822,register headers
kernel/kernel/drivers/gpu/drm/samsung/gpu/include/asic_reg/vce/vce_4_0_offset.h,.h,18908,register headers
kernel/kernel/drivers/gpu/drm/samsung/gpu/include/asic_reg/vce/vce_4_0_sh_mask.h,.h,46685,register headers
kernel/kernel/drivers/gpu/drm/samsung/gpu/include/asic_reg/vcn/vcn_1_0_offset.h,.h,42274,register headers
kernel/kernel/drivers/gpu/drm/samsung/gpu/include/asic_reg/vcn/vcn_1_0_sh_mask.h,.h,139944,register headers
kernel/kernel/drivers/gpu/drm/samsung/gpu/include/asic_reg/vcn/vcn_2_0_0_offset.h,.h,102365,register headers
kernel/kernel/drivers/gpu/drm/samsung/gpu/include/asic_reg/vcn/vcn_2_0_0_sh_mask.h,.h,392019,register headers
kernel/kernel/drivers/gpu/drm/samsung/gpu/include/asic_reg/vcn/vcn_2_5_offset.h,.h,98786,register headers
kernel/kernel/drivers/gpu/drm/samsung/gpu/include/asic_reg/vcn/vcn_2_5_sh_mask.h,.h,368572,register headers
kernel/kernel/drivers/gpu/drm/samsung/gpu/include/asic_reg/vcn/vcn_3_0_0_offset.h,.h,158827,register headers
kernel/kernel/drivers/gpu/drm/samsung/gpu/include/asic_reg/vcn/vcn_3_0_0_sh_mask.h,.h,575685,register headers
kernel/kernel/drivers/gpu/drm/samsung/gpu/include/asic_reg/wafl/wafl2_4_0_0_sh_mask.h,.h,4622,register headers
kernel/kernel/drivers/gpu/drm/samsung/gpu/include/asic_reg/wafl/wafl2_4_0_0_smn.h,.h,1277,register headers
kernel/kernel/drivers/gpu/drm/samsung/gpu/include/asic_reg/xgmi/xgmi_4_0_0_sh_mask.h,.h,4476,register headers
kernel/kernel/drivers/gpu/drm/samsung/gpu/include/asic_reg/xgmi/xgmi_4_0_0_smn.h,.h,1268,register headers
kernel/kernel/drivers/gpu/drm/samsung/gpu/include/atom-bits.h,.h,1882,GPU headers
kernel/kernel/drivers/gpu/drm/samsung/gpu/include/atom-names.h,.h,4758,GPU headers
kernel/kernel/drivers/gpu/drm/samsung/gpu/include/atom-types.h,.h,1430,GPU headers
kernel/kernel/drivers/gpu/drm/samsung/gpu/include/atombios.h,.h,460821,GPU headers
kernel/kernel/drivers/gpu/drm/samsung/gpu/include/atomfirmware.h,.h,144036,GPU headers
kernel/kernel/drivers/gpu/drm/samsung/gpu/include/atomfirmwareid.h,.h,3259,GPU headers
kernel/kernel/drivers/gpu/drm/samsung/gpu/include/cgs_common.h,.h,5564,GPU headers
kernel/kernel/drivers/gpu/drm/samsung/gpu/include/cik_structs.h,.h,8455,GPU headers
kernel/kernel/drivers/gpu/drm/samsung/gpu/include/discovery.h,.h,4671,GPU headers
kernel/kernel/drivers/gpu/drm/samsung/gpu/include/displayobject.h,.h,12043,GPU headers
kernel/kernel/drivers/gpu/drm/samsung/gpu/include/ivsrcid/dcn/irqsrcs_dcn_1_0.h,.h,89332,GPU headers
kernel/kernel/drivers/gpu/drm/samsung/gpu/include/ivsrcid/gfx/irqsrcs_gfx_10_1.h,.h,3304,GPU headers
kernel/kernel/drivers/gpu/drm/samsung/gpu/include/ivsrcid/gfx/irqsrcs_gfx_9_0.h,.h,3380,GPU headers
kernel/kernel/drivers/gpu/drm/samsung/gpu/include/ivsrcid/ivsrcid_vislands30.h,.h,14776,GPU headers
kernel/kernel/drivers/gpu/drm/samsung/gpu/include/ivsrcid/nbio/irqsrcs_nbif_7_4.h,.h,2813,GPU headers
kernel/kernel/drivers/gpu/drm/samsung/gpu/include/ivsrcid/sdma0/irqsrcs_sdma0_4_0.h,.h,3561,GPU headers
kernel/kernel/drivers/gpu/drm/samsung/gpu/include/ivsrcid/sdma0/irqsrcs_sdma0_5_0.h,.h,2716,GPU headers
kernel/kernel/drivers/gpu/drm/samsung/gpu/include/ivsrcid/sdma1/irqsrcs_sdma1_4_0.h,.h,3562,GPU headers
kernel/kernel/drivers/gpu/drm/samsung/gpu/include/ivsrcid/sdma1/irqsrcs_sdma1_5_0.h,.h,2719,GPU headers
kernel/kernel/drivers/gpu/drm/samsung/gpu/include/ivsrcid/sdma2/irqsrcs_sdma2_5_0.h,.h,2788,GPU headers
kernel/kernel/drivers/gpu/drm/samsung/gpu/include/ivsrcid/sdma3/irqsrcs_sdma3_5_0.h,.h,2788,GPU headers
kernel/kernel/drivers/gpu/drm/samsung/gpu/include/ivsrcid/smuio/irqsrcs_smuio_9_0.h,.h,1330,GPU headers
kernel/kernel/drivers/gpu/drm/samsung/gpu/include/ivsrcid/thm/irqsrcs_thm_9_0.h,.h,1445,GPU headers
kernel/kernel/drivers/gpu/drm/samsung/gpu/include/ivsrcid/uvd/irqsrcs_uvd_7_0.h,.h,1469,GPU headers
kernel/kernel/drivers/gpu/drm/samsung/gpu/include/ivsrcid/vce/irqsrcs_vce_4_0.h,.h,1450,GPU headers
kernel/kernel/drivers/gpu/drm/samsung/gpu/include/ivsrcid/vcn/irqsrcs_vcn_1_0.h,.h,1574,GPU headers
kernel/kernel/drivers/gpu/drm/samsung/gpu/include/ivsrcid/vcn/irqsrcs_vcn_2_0.h,.h,1619,GPU headers
kernel/kernel/drivers/gpu/drm/samsung/gpu/include/ivsrcid/vmc/irqsrcs_vmc_1_0.h,.h,1570,GPU headers
kernel/kernel/drivers/gpu/drm/samsung/gpu/include/kgd_pp_interface.h,.h,13869,GPU headers
kernel/kernel/drivers/gpu/drm/samsung/gpu/include/navi10_enum.h,.h,900762,GPU headers
kernel/kernel/drivers/gpu/drm/samsung/gpu/include/pptable.h,.h,27552,GPU headers
kernel/kernel/drivers/gpu/drm/samsung/gpu/include/soc15_hw_ip.h,.h,5717,GPU headers
kernel/kernel/drivers/gpu/drm/samsung/gpu/include/soc15_ih_clientid.h,.h,2850,GPU headers
kernel/kernel/drivers/gpu/drm/samsung/gpu/include/v10_structs.h,.h,47338,GPU headers
kernel/kernel/drivers/gpu/drm/samsung/gpu/include/vangogh_lite_ip_offset.h,.h,5169,GPU headers
kernel/kernel/drivers/gpu/drm/samsung/gpu/include/vi_structs.h,.h,15516,GPU headers
kernel/kernel/drivers/gpu/drm/samsung/gpu/pm/Makefile,[none],1391,other
kernel/kernel/drivers/gpu/drm/samsung/gpu/pm/amdgpu_dpm.c,.c,38771,other
kernel/kernel/drivers/gpu/drm/samsung/gpu/pm/amdgpu_pm.c,.c,38313,other
kernel/kernel/drivers/gpu/drm/samsung/gpu/pm/inc/amdgpu_dpm.h,.h,12906,other
kernel/kernel/drivers/gpu/drm/samsung/gpu/pm/inc/amdgpu_pm.h,.h,2953,other
kernel/kernel/drivers/gpu/drm/samsung/gpu/pm/inc/power_state.h,.h,5801,other
kernel/kernel/drivers/gpu/drm/samsung/gpu/sgpu/Kconfig,[none],5957,sgpu implementation
kernel/kernel/drivers/gpu/drm/samsung/gpu/sgpu/Makefile,[none],4954,sgpu implementation
kernel/kernel/drivers/gpu/drm/samsung/gpu/sgpu/ObjectID.h,.h,47970,sgpu implementation
kernel/kernel/drivers/gpu/drm/samsung/gpu/sgpu/amdgpu.h,.h,49836,sgpu implementation
kernel/kernel/drivers/gpu/drm/samsung/gpu/sgpu/amdgpu_acp.c,.c,15054,sgpu implementation
kernel/kernel/drivers/gpu/drm/samsung/gpu/sgpu/amdgpu_acp.h,.h,1529,sgpu implementation
kernel/kernel/drivers/gpu/drm/samsung/gpu/sgpu/amdgpu_acpi.c,.c,21704,sgpu implementation
kernel/kernel/drivers/gpu/drm/samsung/gpu/sgpu/amdgpu_afmt.c,.c,3829,sgpu implementation
kernel/kernel/drivers/gpu/drm/samsung/gpu/sgpu/amdgpu_atombios.c,.c,63157,sgpu implementation
kernel/kernel/drivers/gpu/drm/samsung/gpu/sgpu/amdgpu_atombios.h,.h,6476,sgpu implementation
kernel/kernel/drivers/gpu/drm/samsung/gpu/sgpu/amdgpu_atomfirmware.c,.c,18151,sgpu implementation
kernel/kernel/drivers/gpu/drm/samsung/gpu/sgpu/amdgpu_atomfirmware.h,.h,2101,sgpu implementation
kernel/kernel/drivers/gpu/drm/samsung/gpu/sgpu/amdgpu_benchmark.c,.c,6699,sgpu implementation
kernel/kernel/drivers/gpu/drm/samsung/gpu/sgpu/amdgpu_bios.c,.c,11290,sgpu implementation
kernel/kernel/drivers/gpu/drm/samsung/gpu/sgpu/amdgpu_bo_list.c,.c,8515,sgpu implementation
kernel/kernel/drivers/gpu/drm/samsung/gpu/sgpu/amdgpu_bo_list.h,.h,2887,sgpu implementation
kernel/kernel/drivers/gpu/drm/samsung/gpu/sgpu/amdgpu_cgs.c,.c,11144,sgpu implementation
kernel/kernel/drivers/gpu/drm/samsung/gpu/sgpu/amdgpu_connectors.c,.c,65887,sgpu implementation
kernel/kernel/drivers/gpu/drm/samsung/gpu/sgpu/amdgpu_connectors.h,.h,1876,sgpu implementation
kernel/kernel/drivers/gpu/drm/samsung/gpu/sgpu/amdgpu_cs.c,.c,46736,sgpu implementation
kernel/kernel/drivers/gpu/drm/samsung/gpu/sgpu/amdgpu_csa.c,.c,3471,sgpu implementation
kernel/kernel/drivers/gpu/drm/samsung/gpu/sgpu/amdgpu_csa.h,.h,1729,sgpu implementation
kernel/kernel/drivers/gpu/drm/samsung/gpu/sgpu/amdgpu_ctx.c,.c,22318,sgpu implementation
kernel/kernel/drivers/gpu/drm/samsung/gpu/sgpu/amdgpu_ctx.h,.h,3975,sgpu implementation
kernel/kernel/drivers/gpu/drm/samsung/gpu/sgpu/amdgpu_ctx_priv.h,.h,3365,sgpu implementation
kernel/kernel/drivers/gpu/drm/samsung/gpu/sgpu/amdgpu_cwsr.c,.c,26539,sgpu implementation
kernel/kernel/drivers/gpu/drm/samsung/gpu/sgpu/amdgpu_cwsr.h,.h,1657,sgpu implementation
kernel/kernel/drivers/gpu/drm/samsung/gpu/sgpu/amdgpu_debugfs.c,.c,47302,sgpu implementation
kernel/kernel/drivers/gpu/drm/samsung/gpu/sgpu/amdgpu_debugfs.h,.h,2108,sgpu implementation
kernel/kernel/drivers/gpu/drm/samsung/gpu/sgpu/amdgpu_device.c,.c,135130,sgpu implementation
kernel/kernel/drivers/gpu/drm/samsung/gpu/sgpu/amdgpu_discovery.c,.c,12072,sgpu implementation
kernel/kernel/drivers/gpu/drm/samsung/gpu/sgpu/amdgpu_discovery.h,.h,1652,sgpu implementation
kernel/kernel/drivers/gpu/drm/samsung/gpu/sgpu/amdgpu_display.c,.c,24043,sgpu implementation
kernel/kernel/drivers/gpu/drm/samsung/gpu/sgpu/amdgpu_display.h,.h,2838,sgpu implementation
kernel/kernel/drivers/gpu/drm/samsung/gpu/sgpu/amdgpu_dma_buf.c,.c,13744,sgpu implementation
kernel/kernel/drivers/gpu/drm/samsung/gpu/sgpu/amdgpu_dma_buf.h,.h,1602,sgpu implementation
kernel/kernel/drivers/gpu/drm/samsung/gpu/sgpu/amdgpu_doorbell.h,.h,12517,sgpu implementation
kernel/kernel/drivers/gpu/drm/samsung/gpu/sgpu/amdgpu_drv.c,.c,44332,sgpu implementation
kernel/kernel/drivers/gpu/drm/samsung/gpu/sgpu/amdgpu_drv.h,.h,1752,sgpu implementation
kernel/kernel/drivers/gpu/drm/samsung/gpu/sgpu/amdgpu_encoders.c,.c,9058,sgpu implementation
kernel/kernel/drivers/gpu/drm/samsung/gpu/sgpu/amdgpu_fb.c,.c,9907,sgpu implementation
kernel/kernel/drivers/gpu/drm/samsung/gpu/sgpu/amdgpu_fence.c,.c,24700,sgpu implementation
kernel/kernel/drivers/gpu/drm/samsung/gpu/sgpu/amdgpu_fru_eeprom.c,.c,5442,sgpu implementation
kernel/kernel/drivers/gpu/drm/samsung/gpu/sgpu/amdgpu_fru_eeprom.h,.h,1300,sgpu implementation
kernel/kernel/drivers/gpu/drm/samsung/gpu/sgpu/amdgpu_gart.c,.c,12553,sgpu implementation
kernel/kernel/drivers/gpu/drm/samsung/gpu/sgpu/amdgpu_gart.h,.h,2842,sgpu implementation
kernel/kernel/drivers/gpu/drm/samsung/gpu/sgpu/amdgpu_gds.h,.h,1480,sgpu implementation
kernel/kernel/drivers/gpu/drm/samsung/gpu/sgpu/amdgpu_gem.c,.c,30819,sgpu implementation
kernel/kernel/drivers/gpu/drm/samsung/gpu/sgpu/amdgpu_gem.h,.h,3473,sgpu implementation
kernel/kernel/drivers/gpu/drm/samsung/gpu/sgpu/amdgpu_gfx.c,.c,22266,sgpu implementation
kernel/kernel/drivers/gpu/drm/samsung/gpu/sgpu/amdgpu_gfx.h,.h,14040,sgpu implementation
kernel/kernel/drivers/gpu/drm/samsung/gpu/sgpu/amdgpu_gfxhub.h,.h,1779,sgpu implementation
kernel/kernel/drivers/gpu/drm/samsung/gpu/sgpu/amdgpu_gmc.c,.c,12841,sgpu implementation
kernel/kernel/drivers/gpu/drm/samsung/gpu/sgpu/amdgpu_gmc.h,.h,10827,sgpu implementation
kernel/kernel/drivers/gpu/drm/samsung/gpu/sgpu/amdgpu_gtt_mgr.c,.c,9061,sgpu implementation
kernel/kernel/drivers/gpu/drm/samsung/gpu/sgpu/amdgpu_i2c.c,.c,10253,sgpu implementation
kernel/kernel/drivers/gpu/drm/samsung/gpu/sgpu/amdgpu_i2c.h,.h,1886,sgpu implementation
kernel/kernel/drivers/gpu/drm/samsung/gpu/sgpu/amdgpu_ib.c,.c,15179,sgpu implementation
kernel/kernel/drivers/gpu/drm/samsung/gpu/sgpu/amdgpu_ids.c,.c,19747,sgpu implementation
kernel/kernel/drivers/gpu/drm/samsung/gpu/sgpu/amdgpu_ids.h,.h,3722,sgpu implementation
kernel/kernel/drivers/gpu/drm/samsung/gpu/sgpu/amdgpu_ih.c,.c,6659,sgpu implementation
kernel/kernel/drivers/gpu/drm/samsung/gpu/sgpu/amdgpu_ih.h,.h,2807,sgpu implementation
kernel/kernel/drivers/gpu/drm/samsung/gpu/sgpu/amdgpu_ioc32.c,.c,1665,sgpu implementation
kernel/kernel/drivers/gpu/drm/samsung/gpu/sgpu/amdgpu_irq.c,.c,18829,sgpu implementation
kernel/kernel/drivers/gpu/drm/samsung/gpu/sgpu/amdgpu_irq.h,.h,4214,sgpu implementation
kernel/kernel/drivers/gpu/drm/samsung/gpu/sgpu/amdgpu_job.c,.c,20473,sgpu implementation
kernel/kernel/drivers/gpu/drm/samsung/gpu/sgpu/amdgpu_job.h,.h,3484,sgpu implementation
kernel/kernel/drivers/gpu/drm/samsung/gpu/sgpu/amdgpu_kms.c,.c,45951,sgpu implementation
kernel/kernel/drivers/gpu/drm/samsung/gpu/sgpu/amdgpu_mmhub.h,.h,1924,sgpu implementation
kernel/kernel/drivers/gpu/drm/samsung/gpu/sgpu/amdgpu_mode.h,.h,16891,sgpu implementation
kernel/kernel/drivers/gpu/drm/samsung/gpu/sgpu/amdgpu_nbio.h,.h,3453,sgpu implementation
kernel/kernel/drivers/gpu/drm/samsung/gpu/sgpu/amdgpu_object.c,.c,42588,sgpu implementation
kernel/kernel/drivers/gpu/drm/samsung/gpu/sgpu/amdgpu_object.h,.h,11499,sgpu implementation
kernel/kernel/drivers/gpu/drm/samsung/gpu/sgpu/amdgpu_pll.c,.c,10707,sgpu implementation
kernel/kernel/drivers/gpu/drm/samsung/gpu/sgpu/amdgpu_pll.h,.h,1537,sgpu implementation
kernel/kernel/drivers/gpu/drm/samsung/gpu/sgpu/amdgpu_pmu.c,.c,2001,sgpu implementation
kernel/kernel/drivers/gpu/drm/samsung/gpu/sgpu/amdgpu_pmu.h,.h,1443,sgpu implementation
kernel/kernel/drivers/gpu/drm/samsung/gpu/sgpu/amdgpu_ring.c,.c,14647,sgpu implementation
kernel/kernel/drivers/gpu/drm/samsung/gpu/sgpu/amdgpu_ring.h,.h,14989,sgpu implementation
kernel/kernel/drivers/gpu/drm/samsung/gpu/sgpu/amdgpu_rlc.c,.c,8543,sgpu implementation
kernel/kernel/drivers/gpu/drm/samsung/gpu/sgpu/amdgpu_rlc.h,.h,7554,sgpu implementation
kernel/kernel/drivers/gpu/drm/samsung/gpu/sgpu/amdgpu_sa.c,.c,10939,sgpu implementation
kernel/kernel/drivers/gpu/drm/samsung/gpu/sgpu/amdgpu_sched.c,.c,4663,sgpu implementation
kernel/kernel/drivers/gpu/drm/samsung/gpu/sgpu/amdgpu_sched.h,.h,1507,sgpu implementation
kernel/kernel/drivers/gpu/drm/samsung/gpu/sgpu/amdgpu_sdma.c,.c,2546,sgpu implementation
kernel/kernel/drivers/gpu/drm/samsung/gpu/sgpu/amdgpu_sdma.h,.h,3890,sgpu implementation
kernel/kernel/drivers/gpu/drm/samsung/gpu/sgpu/amdgpu_socbb.h,.h,3264,sgpu implementation
kernel/kernel/drivers/gpu/drm/samsung/gpu/sgpu/amdgpu_sws.c,.c,34871,sgpu implementation
kernel/kernel/drivers/gpu/drm/samsung/gpu/sgpu/amdgpu_sws.h,.h,2726,sgpu implementation
kernel/kernel/drivers/gpu/drm/samsung/gpu/sgpu/amdgpu_sync.c,.c,13436,sgpu implementation
kernel/kernel/drivers/gpu/drm/samsung/gpu/sgpu/amdgpu_sync.h,.h,2509,sgpu implementation
kernel/kernel/drivers/gpu/drm/samsung/gpu/sgpu/amdgpu_test.c,.c,7025,sgpu implementation
kernel/kernel/drivers/gpu/drm/samsung/gpu/sgpu/amdgpu_tmz.c,.c,20980,sgpu implementation
kernel/kernel/drivers/gpu/drm/samsung/gpu/sgpu/amdgpu_tmz.h,.h,1509,sgpu implementation
kernel/kernel/drivers/gpu/drm/samsung/gpu/sgpu/amdgpu_trace.h,.h,33986,sgpu implementation
kernel/kernel/drivers/gpu/drm/samsung/gpu/sgpu/amdgpu_trace_points.c,.c,1297,sgpu implementation
kernel/kernel/drivers/gpu/drm/samsung/gpu/sgpu/amdgpu_ttm.c,.c,58122,sgpu implementation
kernel/kernel/drivers/gpu/drm/samsung/gpu/sgpu/amdgpu_ttm.h,.h,6196,sgpu implementation
kernel/kernel/drivers/gpu/drm/samsung/gpu/sgpu/amdgpu_ucode.c,.c,20458,sgpu implementation
kernel/kernel/drivers/gpu/drm/samsung/gpu/sgpu/amdgpu_ucode.h,.h,13161,sgpu implementation
kernel/kernel/drivers/gpu/drm/samsung/gpu/sgpu/amdgpu_vf_error.c,.c,3160,sgpu implementation
kernel/kernel/drivers/gpu/drm/samsung/gpu/sgpu/amdgpu_vf_error.h,.h,2274,sgpu implementation
kernel/kernel/drivers/gpu/drm/samsung/gpu/sgpu/amdgpu_virt.c,.c,15603,sgpu implementation
kernel/kernel/drivers/gpu/drm/samsung/gpu/sgpu/amdgpu_virt.h,.h,9399,sgpu implementation
kernel/kernel/drivers/gpu/drm/samsung/gpu/sgpu/amdgpu_vm.c,.c,93854,sgpu implementation
kernel/kernel/drivers/gpu/drm/samsung/gpu/sgpu/amdgpu_vm.h,.h,14601,sgpu implementation
kernel/kernel/drivers/gpu/drm/samsung/gpu/sgpu/amdgpu_vm_cpu.c,.c,3838,sgpu implementation
kernel/kernel/drivers/gpu/drm/samsung/gpu/sgpu/amdgpu_vm_sdma.c,.c,7893,sgpu implementation
kernel/kernel/drivers/gpu/drm/samsung/gpu/sgpu/amdgpu_vram_mgr.c,.c,16815,sgpu implementation
kernel/kernel/drivers/gpu/drm/samsung/gpu/sgpu/amdgv_sriovmsg.h,.h,8596,sgpu implementation
kernel/kernel/drivers/gpu/drm/samsung/gpu/sgpu/athub_v2_0.c,.c,3093,sgpu implementation
kernel/kernel/drivers/gpu/drm/samsung/gpu/sgpu/athub_v2_0.h,.h,1373,sgpu implementation
kernel/kernel/drivers/gpu/drm/samsung/gpu/sgpu/atom.c,.c,35125,sgpu implementation
kernel/kernel/drivers/gpu/drm/samsung/gpu/sgpu/atom.h,.h,4905,sgpu implementation
kernel/kernel/drivers/gpu/drm/samsung/gpu/sgpu/atombios_crtc.c,.c,28357,sgpu implementation
kernel/kernel/drivers/gpu/drm/samsung/gpu/sgpu/atombios_crtc.h,.h,2621,sgpu implementation
kernel/kernel/drivers/gpu/drm/samsung/gpu/sgpu/atombios_dp.c,.c,22117,sgpu implementation
kernel/kernel/drivers/gpu/drm/samsung/gpu/sgpu/atombios_dp.h,.h,2061,sgpu implementation
kernel/kernel/drivers/gpu/drm/samsung/gpu/sgpu/atombios_encoders.c,.c,71641,sgpu implementation
kernel/kernel/drivers/gpu/drm/samsung/gpu/sgpu/atombios_encoders.h,.h,3399,sgpu implementation
kernel/kernel/drivers/gpu/drm/samsung/gpu/sgpu/atombios_i2c.c,.c,4882,sgpu implementation
kernel/kernel/drivers/gpu/drm/samsung/gpu/sgpu/atombios_i2c.h,.h,1477,sgpu implementation
kernel/kernel/drivers/gpu/drm/samsung/gpu/sgpu/cikd.h,.h,22808,sgpu implementation
kernel/kernel/drivers/gpu/drm/samsung/gpu/sgpu/clearstate_ci.h,.h,28019,sgpu implementation
kernel/kernel/drivers/gpu/drm/samsung/gpu/sgpu/clearstate_defs.h,.h,1513,sgpu implementation
kernel/kernel/drivers/gpu/drm/samsung/gpu/sgpu/clearstate_gfx10.h,.h,28627,sgpu implementation
kernel/kernel/drivers/gpu/drm/samsung/gpu/sgpu/clearstate_gfx9.h,.h,29649,sgpu implementation
kernel/kernel/drivers/gpu/drm/samsung/gpu/sgpu/clearstate_si.h,.h,27764,sgpu implementation
kernel/kernel/drivers/gpu/drm/samsung/gpu/sgpu/clearstate_vi.h,.h,28461,sgpu implementation
kernel/kernel/drivers/gpu/drm/samsung/gpu/sgpu/cwsr_trap_handler.h,.h,20004,sgpu implementation
kernel/kernel/drivers/gpu/drm/samsung/gpu/sgpu/cwsr_trap_handler_m0.sp3,.sp3,63519,sgpu implementation
kernel/kernel/drivers/gpu/drm/samsung/gpu/sgpu/cwsr_trap_handler_nv14.asm,.asm,42541,sgpu implementation
kernel/kernel/drivers/gpu/drm/samsung/gpu/sgpu/dce_virtual.c,.c,19905,sgpu implementation
kernel/kernel/drivers/gpu/drm/samsung/gpu/sgpu/dce_virtual.h,.h,1266,sgpu implementation
kernel/kernel/drivers/gpu/drm/samsung/gpu/sgpu/emu_mobile0_asic_init.h,.h,183451,sgpu implementation
kernel/kernel/drivers/gpu/drm/samsung/gpu/sgpu/emu_mobile1_1_asic_init.h,.h,1988,sgpu implementation
kernel/kernel/drivers/gpu/drm/samsung/gpu/sgpu/emu_mobile1_asic_init.h,.h,2661,sgpu implementation
kernel/kernel/drivers/gpu/drm/samsung/gpu/sgpu/emu_mobile2_asic_init.h,.h,470,sgpu implementation
kernel/kernel/drivers/gpu/drm/samsung/gpu/sgpu/emu_soc.c,.c,8494,sgpu implementation
kernel/kernel/drivers/gpu/drm/samsung/gpu/sgpu/exynos_gpu_interface.c,.c,48905,sgpu implementation
kernel/kernel/drivers/gpu/drm/samsung/gpu/sgpu/exynos_gpu_interface.h,.h,2296,sgpu implementation
kernel/kernel/drivers/gpu/drm/samsung/gpu/sgpu/gfx_v10_0.c,.c,495550,sgpu implementation
kernel/kernel/drivers/gpu/drm/samsung/gpu/sgpu/gfx_v10_0.h,.h,1779,sgpu implementation
kernel/kernel/drivers/gpu/drm/samsung/gpu/sgpu/gfxhub_v2_1.c,.c,21206,sgpu implementation
kernel/kernel/drivers/gpu/drm/samsung/gpu/sgpu/gfxhub_v2_1.h,.h,1258,sgpu implementation
kernel/kernel/drivers/gpu/drm/samsung/gpu/sgpu/gmc_v10_0.c,.c,36543,sgpu implementation
kernel/kernel/drivers/gpu/drm/samsung/gpu/sgpu/gmc_v10_0.h,.h,1312,sgpu implementation
kernel/kernel/drivers/gpu/drm/samsung/gpu/sgpu/mmhub_v2_0.c,.c,22619,sgpu implementation
kernel/kernel/drivers/gpu/drm/samsung/gpu/sgpu/mmhub_v2_0.h,.h,1253,sgpu implementation
kernel/kernel/drivers/gpu/drm/samsung/gpu/sgpu/mmsch_v1_0.h,.h,5009,sgpu implementation
kernel/kernel/drivers/gpu/drm/samsung/gpu/sgpu/mmsch_v2_0.h,.h,25616,sgpu implementation
kernel/kernel/drivers/gpu/drm/samsung/gpu/sgpu/mmsch_v3_0.h,.h,3922,sgpu implementation
kernel/kernel/drivers/gpu/drm/samsung/gpu/sgpu/mxgpu_ai.c,.c,10470,sgpu implementation
kernel/kernel/drivers/gpu/drm/samsung/gpu/sgpu/mxgpu_ai.h,.h,2202,sgpu implementation
kernel/kernel/drivers/gpu/drm/samsung/gpu/sgpu/mxgpu_nv.c,.c,10430,sgpu implementation
kernel/kernel/drivers/gpu/drm/samsung/gpu/sgpu/mxgpu_nv.h,.h,2576,sgpu implementation
kernel/kernel/drivers/gpu/drm/samsung/gpu/sgpu/nbio_v2_3.c,.c,12327,sgpu implementation
kernel/kernel/drivers/gpu/drm/samsung/gpu/sgpu/nbio_v2_3.h,.h,1341,sgpu implementation
kernel/kernel/drivers/gpu/drm/samsung/gpu/sgpu/nv.c,.c,25129,sgpu implementation
kernel/kernel/drivers/gpu/drm/samsung/gpu/sgpu/nv.h,.h,2492,sgpu implementation
kernel/kernel/drivers/gpu/drm/samsung/gpu/sgpu/nvd.h,.h,16826,sgpu implementation
kernel/kernel/drivers/gpu/drm/samsung/gpu/sgpu/sdma_common.h,.h,1740,sgpu implementation
kernel/kernel/drivers/gpu/drm/samsung/gpu/sgpu/sgpu.h,.h,621,sgpu implementation
kernel/kernel/drivers/gpu/drm/samsung/gpu/sgpu/sgpu_afm.c,.c,17265,sgpu implementation
kernel/kernel/drivers/gpu/drm/samsung/gpu/sgpu/sgpu_afm.h,.h,4913,sgpu implementation
kernel/kernel/drivers/gpu/drm/samsung/gpu/sgpu/sgpu_bpmd.c,.c,18693,sgpu implementation
kernel/kernel/drivers/gpu/drm/samsung/gpu/sgpu/sgpu_bpmd.h,.h,4218,sgpu implementation
kernel/kernel/drivers/gpu/drm/samsung/gpu/sgpu/sgpu_bpmd_layout.c,.c,15043,sgpu implementation
kernel/kernel/drivers/gpu/drm/samsung/gpu/sgpu/sgpu_bpmd_layout.h,.h,5625,sgpu implementation
kernel/kernel/drivers/gpu/drm/samsung/gpu/sgpu/sgpu_bpmd_layout_common.c,.c,1825,sgpu implementation
kernel/kernel/drivers/gpu/drm/samsung/gpu/sgpu/sgpu_bpmd_layout_common.h,.h,3016,sgpu implementation
kernel/kernel/drivers/gpu/drm/samsung/gpu/sgpu/sgpu_bpmd_log.c,.c,2749,sgpu implementation
kernel/kernel/drivers/gpu/drm/samsung/gpu/sgpu/sgpu_bpmd_log.h,.h,2240,sgpu implementation
kernel/kernel/drivers/gpu/drm/samsung/gpu/sgpu/sgpu_debug.c,.c,3573,sgpu implementation
kernel/kernel/drivers/gpu/drm/samsung/gpu/sgpu/sgpu_debug.h,.h,1525,sgpu implementation
kernel/kernel/drivers/gpu/drm/samsung/gpu/sgpu/sgpu_debugfs.c,.c,4044,sgpu implementation
kernel/kernel/drivers/gpu/drm/samsung/gpu/sgpu/sgpu_debugfs.h,.h,1467,sgpu implementation
kernel/kernel/drivers/gpu/drm/samsung/gpu/sgpu/sgpu_devfreq.c,.c,9620,sgpu implementation
kernel/kernel/drivers/gpu/drm/samsung/gpu/sgpu/sgpu_dmsg.c,.c,6733,sgpu implementation
kernel/kernel/drivers/gpu/drm/samsung/gpu/sgpu/sgpu_dmsg.h,.h,1239,sgpu implementation
kernel/kernel/drivers/gpu/drm/samsung/gpu/sgpu/sgpu_governor.c,.c,30820,sgpu implementation
kernel/kernel/drivers/gpu/drm/samsung/gpu/sgpu/sgpu_governor.h,.h,2898,sgpu implementation
kernel/kernel/drivers/gpu/drm/samsung/gpu/sgpu/sgpu_ifpo.c,.c,17128,sgpu implementation
kernel/kernel/drivers/gpu/drm/samsung/gpu/sgpu/sgpu_ifpo.h,.h,2832,sgpu implementation
kernel/kernel/drivers/gpu/drm/samsung/gpu/sgpu/sgpu_pm_monitor.c,.c,1905,sgpu implementation
kernel/kernel/drivers/gpu/drm/samsung/gpu/sgpu/sgpu_pm_monitor.h,.h,1409,sgpu implementation
kernel/kernel/drivers/gpu/drm/samsung/gpu/sgpu/sgpu_power_trace.h,.h,1986,sgpu implementation
kernel/kernel/drivers/gpu/drm/samsung/gpu/sgpu/sgpu_power_trace_points.c,.c,199,sgpu implementation
kernel/kernel/drivers/gpu/drm/samsung/gpu/sgpu/sgpu_profiler.h,.h,622,sgpu implementation
kernel/kernel/drivers/gpu/drm/samsung/gpu/sgpu/sgpu_profiler_external_v0.c,.c,5706,sgpu implementation
kernel/kernel/drivers/gpu/drm/samsung/gpu/sgpu/sgpu_profiler_external_v0.h,.h,2306,sgpu implementation
kernel/kernel/drivers/gpu/drm/samsung/gpu/sgpu/sgpu_profiler_external_v1.c,.c,4886,sgpu implementation
kernel/kernel/drivers/gpu/drm/samsung/gpu/sgpu/sgpu_profiler_external_v1.h,.h,2231,sgpu implementation
kernel/kernel/drivers/gpu/drm/samsung/gpu/sgpu/sgpu_profiler_external_v2.c,.c,5329,sgpu implementation
kernel/kernel/drivers/gpu/drm/samsung/gpu/sgpu/sgpu_profiler_external_v2.h,.h,2394,sgpu implementation
kernel/kernel/drivers/gpu/drm/samsung/gpu/sgpu/sgpu_profiler_v0.c,.c,24371,sgpu implementation
kernel/kernel/drivers/gpu/drm/samsung/gpu/sgpu/sgpu_profiler_v0.h,.h,4548,sgpu implementation
kernel/kernel/drivers/gpu/drm/samsung/gpu/sgpu/sgpu_profiler_v1.c,.c,18948,sgpu implementation
kernel/kernel/drivers/gpu/drm/samsung/gpu/sgpu/sgpu_profiler_v1.h,.h,3951,sgpu implementation
kernel/kernel/drivers/gpu/drm/samsung/gpu/sgpu/sgpu_profiler_v2.c,.c,35448,sgpu implementation
kernel/kernel/drivers/gpu/drm/samsung/gpu/sgpu/sgpu_profiler_v2.h,.h,7686,sgpu implementation
kernel/kernel/drivers/gpu/drm/samsung/gpu/sgpu/sgpu_swap.c,.c,16625,sgpu implementation
kernel/kernel/drivers/gpu/drm/samsung/gpu/sgpu/sgpu_swap.h,.h,1736,sgpu implementation
kernel/kernel/drivers/gpu/drm/samsung/gpu/sgpu/sgpu_user_interface.c,.c,21620,sgpu implementation
kernel/kernel/drivers/gpu/drm/samsung/gpu/sgpu/sgpu_user_interface.h,.h,626,sgpu implementation
kernel/kernel/drivers/gpu/drm/samsung/gpu/sgpu/sgpu_utilization.c,.c,14021,sgpu implementation
kernel/kernel/drivers/gpu/drm/samsung/gpu/sgpu/sgpu_utilization.h,.h,2461,sgpu implementation
kernel/kernel/drivers/gpu/drm/samsung/gpu/sgpu/sgpu_worktime.c,.c,7392,sgpu implementation
kernel/kernel/drivers/gpu/drm/samsung/gpu/sgpu/sgpu_worktime.h,.h,1053,sgpu implementation
kernel/kernel/drivers/gpu/drm/samsung/gpu/sgpu/si_enums.h,.h,12909,sgpu implementation
kernel/kernel/drivers/gpu/drm/samsung/gpu/sgpu/sid.h,.h,111601,sgpu implementation
kernel/kernel/drivers/gpu/drm/samsung/gpu/sgpu/soc15.c,.c,2399,sgpu implementation
kernel/kernel/drivers/gpu/drm/samsung/gpu/sgpu/soc15.h,.h,2141,sgpu implementation
kernel/kernel/drivers/gpu/drm/samsung/gpu/sgpu/soc15_common.h,.h,5399,sgpu implementation
kernel/kernel/drivers/gpu/drm/samsung/gpu/sgpu/soc15d.h,.h,15463,sgpu implementation
kernel/kernel/drivers/gpu/drm/samsung/gpu/sgpu/unified_firmware_sign_m0_evt1.h,.h,2703834,sgpu implementation
kernel/kernel/drivers/gpu/drm/samsung/gpu/sgpu/unified_firmware_sign_m1_evt0.h,.h,2703834,sgpu implementation
kernel/kernel/drivers/gpu/drm/samsung/gpu/sgpu/unified_firmware_sign_m2_evt0.h,.h,2703834,sgpu implementation
kernel/kernel/drivers/gpu/drm/samsung/gpu/sgpu/unified_firmware_sign_mid_evt0.h,.h,2703839,sgpu implementation
kernel/kernel/drivers/gpu/drm/samsung/gpu/sgpu/vangogh_lite_gc.c,.c,4404,sgpu implementation
kernel/kernel/drivers/gpu/drm/samsung/gpu/sgpu/vangogh_lite_hw_counter.c,.c,1577,sgpu implementation
kernel/kernel/drivers/gpu/drm/samsung/gpu/sgpu/vangogh_lite_hw_counter.h,.h,494,sgpu implementation
kernel/kernel/drivers/gpu/drm/samsung/gpu/sgpu/vangogh_lite_ih.c,.c,12453,sgpu implementation
kernel/kernel/drivers/gpu/drm/samsung/gpu/sgpu/vangogh_lite_ih.h,.h,373,sgpu implementation
kernel/kernel/drivers/gpu/drm/samsung/gpu/sgpu/vangogh_lite_m0_gpu_info.h,.h,2216,sgpu implementation
kernel/kernel/drivers/gpu/drm/samsung/gpu/sgpu/vangogh_lite_m1_gpu_info.h,.h,2182,sgpu implementation
kernel/kernel/drivers/gpu/drm/samsung/gpu/sgpu/vangogh_lite_m1_mid_gpu_info.h,.h,2188,sgpu implementation
kernel/kernel/drivers/gpu/drm/samsung/gpu/sgpu/vangogh_lite_m2_gpu_info.h,.h,2182,sgpu implementation
kernel/kernel/drivers/gpu/drm/samsung/gpu/sgpu/vangogh_lite_reg.h,.h,2100,sgpu implementation
kernel/kernel/drivers/gpu/drm/samsung/gpu/sgpu/vangogh_lite_reg_init.c,.c,5423,sgpu implementation
kernel/kernel/drivers/gpu/drm/samsung/gpu/sgpu/vid.h,.h,19291,sgpu implementation
